----Insert data in all tables

insert into customer(first_name, last_name, email, phone_number, gender, address, loyalty_points)
values
	('John', 'Doe', 'john.doe1@example.com', '111-111-1111', 'M', '123 Main St', 100),
	('Jane', 'Smith', 'jane.smith2@example.com', '222-222-2222', 'F', '456 Oak Ave', 150),
	('Mike', 'Johnson', 'mike.johnson3@example.com', '333-333-3333', 'M', '789 Pine Rd', 120),
	('Emily', 'Davis', 'emily.davis4@example.com', '444-444-4444', 'F', '321 Maple Ln', 130),
	('Chris', 'Brown', 'chris.brown5@example.com', '555-555-5555', 'M', '654 Elm St', 90),
	('Laura', 'Wilson', 'laura.wilson6@example.com', '666-666-6666', 'F', '987 Cedar Dr', 200),
	('Daniel', 'Taylor', 'daniel.taylor7@example.com', '777-777-7777', 'M', '246 Birch Blvd', 170),
	('Olivia', 'Martinez', 'olivia.martinez8@example.com', '888-888-8888', 'F', '135 Spruce Ct', 110),
	('David', 'Anderson', 'david.anderson9@example.com', '999-999-9999', 'M', '864 Chestnut St', 80),
	('Sophia', 'Thomas', 'sophia.thomas10@example.com', '101-010-1010', 'F', '753 Walnut Way', 190),
	('Brian', 'Moore', 'brian.moore11@example.com', '202-020-2020', 'M', '159 Palm St', 140),
	('Grace', 'Jackson', 'grace.jackson12@example.com', '303-030-3030', 'F', '951 Cypress Rd', 160),
	('Ethan', 'White', 'ethan.white13@example.com', '404-040-4040', 'M', '258 Redwood Ln', 95),
	('Ava', 'Harris', 'ava.harris14@example.com', '505-050-5050', 'F', '147 Magnolia Dr', 105),
	('Liam', 'Clark', 'liam.clark15@example.com', '606-060-6060', 'M', '369 Willow Ct', 115),
	('Chloe', 'Lewis', 'chloe.lewis16@example.com', '707-070-7070', 'F', '753 Aspen Way', 125),
	('Noah', 'Lee', 'noah.lee17@example.com', '808-080-8080', 'M', '951 Sycamore St', 135),
	('Zoe', 'Walker', 'zoe.walker18@example.com', '909-090-9090', 'F', '321 Poplar Ln', 145),
	('Lucas', 'Hall', 'lucas.hall19@example.com', '010-101-0101', 'M', '654 Olive Ave', 155),
	('Ella', 'Young', 'ella.young20@example.com', '111-222-3333', 'F', '789 Peach Blvd', 165),
	('Emma', 'Johnson', 'emma.johnson@example.com', '+15551234567', 'F', '123 Maple St, Boston, MA, USA', 250),
	('Liam', 'Williams', 'liam.williams@example.com', '+15552345678', 'M', '456 Oak Ave, New York, NY, USA', 175),
	('Olivia', 'Brown', 'olivia.brown@example.com', '+15553456789', 'F', '789 Pine Rd, Chicago, IL, USA', 300),
	('Noah', 'Jones', 'noah.jones@example.com', '+15554567890', 'M', '321 Elm Dr, Los Angeles, CA, USA', 125),
	('Ava', 'Garcia', 'ava.garcia@example.com', '+15555678901', 'F', '654 Birch Ln, Houston, TX, USA', 200),
	('William', 'Miller', 'william.miller@example.com', '+15556789012', 'M', '987 Cedar Blvd, Phoenix, AZ, USA', 75),
	('Sophia', 'Davis', 'sophia.davis@example.com', '+15557890123', 'F', '159 Willow Way, Philadelphia, PA, USA', 400),
	('James', 'Rodriguez', 'james.rodriguez@example.com', '+15558901234', 'M', '753 Spruce Ct, San Antonio, TX, USA', 225),
	('Isabella', 'Martinez', 'isabella.martinez@example.com', '+15559012345', 'F', '852 Redwood Pl, San Diego, CA, USA', 275),
	('Benjamin', 'Hernandez', 'benjamin.hernandez@example.com', '+15550123456', 'M', '369 Sequoia St, Dallas, TX, USA', 150),
	('Mia', 'Lopez', 'mia.lopez@example.com', '+15551234567', 'F', '147 Magnolia Ave, San Jose, CA, USA', 350),
	('Elijah', 'Gonzalez', 'elijah.gonzalez@example.com', '+15552345678', 'M', '258 Dogwood Dr, Austin, TX, USA', 100),
	('Charlotte', 'Wilson', 'charlotte.wilson@example.com', '+15553456789', 'F', '369 Sycamore Ln, Jacksonville, FL, USA', 425),
	('Lucas', 'Anderson', 'lucas.anderson@example.com', '+15554567890', 'M', '741 Aspen Way, Fort Worth, TX, USA', 50),
	('Amelia', 'Thomas', 'amelia.thomas@example.com', '+15555678901', 'F', '852 Palm Blvd, Columbus, OH, USA', 375),
	('Mason', 'Taylor', 'mason.taylor@example.com', '+15556789012', 'M', '963 Juniper Rd, Charlotte, NC, USA', 200),
	('Harper', 'Moore', 'harper.moore@example.com', '+15557890123', 'F', '159 Olive St, San Francisco, CA, USA', 325),
	('Ethan', 'Jackson', 'ethan.jackson@example.com', '+15558901234', 'M', '753 Poplar Ave, Indianapolis, IN, USA', 150),
	('Evelyn', 'Martin', 'evelyn.martin@example.com', '+15559012345', 'F', '852 Cherry Ln, Seattle, WA, USA', 275),
	('Alexander', 'Lee', 'alexander.lee@example.com', '+15550123456', 'M', '369 Peach Dr, Denver, CO, USA', 225),
	('Abigail', 'Perez', 'abigail.perez@example.com', '+15551234567', 'F', '147 Plum Ct, Washington, DC, USA', 400),
	('Michael', 'Thompson', 'michael.thompson@example.com', '+15552345678', 'M', '258 Apple Way, Boston, MA, USA', 125),
	('Emily', 'White', 'emily.white@example.com', '+15553456789', 'F', '369 Grape St, Baltimore, MD, USA', 350),
	('Daniel', 'Harris', 'daniel.harris@example.com', '+15554567890', 'M', '741 Berry Rd, Portland, OR, USA', 175),
	('Elizabeth', 'Sanchez', 'elizabeth.sanchez@example.com', '+15555678901', 'F', '852 Kiwi Blvd, Oklahoma City, OK, USA', 300),
	('Matthew', 'Clark', 'matthew.clark@example.com', '+15556789012', 'M', '963 Mango Ln, Las Vegas, NV, USA', 75),
	('Sofia', 'Ramirez', 'sofia.ramirez@example.com', '+15557890123', 'F', '159 Lemon Dr, Milwaukee, WI, USA', 250),
	('David', 'Lewis', 'david.lewis@example.com', '+15558901234', 'M', '753 Lime Ave, Albuquerque, NM, USA', 200),
	('Avery', 'Robinson', 'avery.robinson@example.com', '+15559012345', 'F', '852 Peach Pl, Tucson, AZ, USA', 375),
	('Joseph', 'Walker', 'joseph.walker@example.com', '+15550123456', 'M', '369 Pear St, Fresno, CA, USA', 150),
	('Ella', 'Young', 'ella.young@example.com', '+15551234567', 'F', '147 Banana Rd, Sacramento, CA, USA', 425),
	('Jackson', 'Allen', 'jackson.allen@example.com', '+15552345678', 'M', '258 Orange Ln, Kansas City, MO, USA', 100),
	('Scarlett', 'King', 'scarlett.king@example.com', '+15553456789', 'F', '369 Strawberry Dr, Mesa, AZ, USA', 325),
	('Sebastian', 'Wright', 'sebastian.wright@example.com', '+15554567890', 'M', '741 Blueberry Way, Atlanta, GA, USA', 225),
	('Madison', 'Scott', 'madison.scott@example.com', '+15555678901', 'F', '852 Raspberry Blvd, Omaha, NE, USA', 275),
	('Aiden', 'Torres', 'aiden.torres@example.com', '+15556789012', 'M', '963 Blackberry Rd, Colorado Springs, CO, USA', 175),
	('Chloe', 'Nguyen', 'chloe.nguyen@example.com', '+15557890123', 'F', '159 Cranberry Ln, Raleigh, NC, USA', 400),
	('Logan', 'Hill', 'logan.hill@example.com', '+15558901234', 'M', '753 Gooseberry Dr, Miami, FL, USA', 125),
	('Victoria', 'Flores', 'victoria.flores@example.com', '+15559012345', 'F', '852 Elderberry Ave, Virginia Beach, VA, USA', 350),
	('Samuel', 'Green', 'samuel.green@example.com', '+15550123456', 'M', '369 Huckleberry St, Oakland, CA, USA', 200),
	('Grace', 'Adams', 'grace.adams@example.com', '+15551234567', 'F', '147 Boysenberry Rd, Minneapolis, MN, USA', 300),
	('Henry', 'Nelson', 'henry.nelson@example.com', '+15552345678', 'M', '258 Loganberry Ln, Tulsa, OK, USA', 150),
	('Lily', 'Baker', 'lily.baker@example.com', '+15553456789', 'F', '369 Mulberry Dr, Arlington, TX, USA', 250),
	('Owen', 'Hall', 'owen.hall@example.com', '+15554567890', 'M', '741 Nectarine Way, New Orleans, LA, USA', 375),
	('Zoey', 'Rivera', 'zoey.rivera@example.com', '+15555678901', 'F', '852 Papaya Blvd, Wichita, KS, USA', 175),
	('Gabriel', 'Campbell', 'gabriel.campbell@example.com', '+15556789012', 'M', '963 Guava Rd, Cleveland, OH, USA', 425),
	('Penelope', 'Mitchell', 'penelope.mitchell@example.com', '+15557890123', 'F', '159 Fig Ln, Tampa, FL, USA', 100),
	('Julian', 'Carter', 'julian.carter@example.com', '+15558901234', 'M', '753 Date Dr, Bakersfield, CA, USA', 325),
	('Riley', 'Roberts', 'riley.roberts@example.com', '+15559012345', 'F', '852 Apricot Ave, Aurora, CO, USA', 225),
	('Wyatt', 'Gomez', 'wyatt.gomez@example.com', '+15550123456', 'M', '369 Coconut St, Honolulu, HI, USA', 275),
	('Nora', 'Phillips', 'nora.phillips@example.com', '+15551234567', 'F', '147 Pomegranate Rd, Anaheim, CA, USA', 150),
	('Levi', 'Evans', 'levi.evans@example.com', '+15552345678', 'M', '258 Persimmon Ln, Anchorage, AK, USA', 400),
	('Hannah', 'Turner', 'hannah.turner@example.com', '+15553456789', 'F', '369 Dragonfruit Dr, Santa Ana, CA, USA', 125),
	('Mateo', 'Diaz', 'mateo.diaz@example.com', '+15554567890', 'M', '741 Starfruit Way, Riverside, CA, USA', 350),
	('Layla', 'Parker', 'layla.parker@example.com', '+15555678901', 'F', '852 Breadfruit Blvd, Corpus Christi, TX, USA', 200),
	('Carter', 'Cruz', 'carter.cruz@example.com', '+15556789012', 'M', '963 Jackfruit Rd, Lexington, KY, USA', 300),
	('Savannah', 'Edwards', 'savannah.edwards@example.com', '+15557890123', 'F', '159 Kiwano Ln, Stockton, CA, USA', 175),
	('Jayden', 'Collins', 'jayden.collins@example.com', '+15558901234', 'M', '753 Tamarillo Dr, Henderson, NV, USA', 250),
	('Bella', 'Reyes', 'bella.reyes@example.com', '+15559012345', 'F', '852 Feijoa Ave, St. Paul, MN, USA', 375),
	('Luke', 'Stewart', 'luke.stewart@example.com', '+15550123456', 'M', '369 Pepino St, Cincinnati, OH, USA', 150),
	('Aubrey', 'Morris', 'aubrey.morris@example.com', '+15551234567', 'F', '147 Chayote Rd, Toledo, OH, USA', 425),
	('Grayson', 'Morales', 'grayson.morales@example.com', '+15552345678', 'M', '258 Soursop Ln, Newark, NJ, USA', 100),
	('Paisley', 'Murphy', 'paisley.murphy@example.com', '+15553456789', 'F', '369 Ackee Dr, Greensboro, NC, USA', 325),
	('Isaiah', 'Cook', 'isaiah.cook@example.com', '+15554567890', 'M', '741 Breadnut Way, Plano, TX, USA', 225),
	('Natalie', 'Rogers', 'natalie.rogers@example.com', '+15555678901', 'F', '852 Canistel Blvd, Lincoln, NE, USA', 275),
	('Hudson', 'Gutierrez', 'hudson.gutierrez@example.com', '+15556789012', 'M', '963 Mamey Rd, Pittsburgh, PA, USA', 175),
	('Stella', 'Ortiz', 'stella.ortiz@example.com', '+15557890123', 'F', '159 Santol Ln, St. Louis, MO, USA', 400),
	('Eli', 'Morgan', 'eli.morgan@example.com', '+15558901234', 'M', '753 Langsat Dr, Glendale, AZ, USA', 125),
	('Maya', 'Cooper', 'maya.cooper@example.com', '+15559012345', 'F', '852 Salak Ave, Chandler, AZ, USA', 350),
	('Lincoln', 'Peterson', 'lincoln.peterson@example.com', '+15550123456', 'M', '369 Rambutan St, Norfolk, VA, USA', 200),
	('Ellie', 'Bailey', 'ellie.bailey@example.com', '+15551234567', 'F', '147 Pulasan Rd, Laredo, TX, USA', 300),
	('Gabriella', 'Reed', 'gabriella.reed@example.com', '+15552345678', 'F', '258 Marang Ln, Durham, NC, USA', 150),
	('Anthony', 'Kelly', 'anthony.kelly@example.com', '+15553456789', 'M', '369 Fico Dr, Madison, WI, USA', 250),
	('Ariana', 'Howard', 'ariana.howard@example.com', '+15554567890', 'F', '741 Caimito Way, Lubbock, TX, USA', 375),
	('Thomas', 'Ward', 'thomas.ward@example.com', '+15555678901', 'M', '852 Imbu Blvd, Gilbert, AZ, USA', 175),
	('Leah', 'Cox', 'leah.cox@example.com', '+15556789012', 'F', '963 Cupuacu Rd, Reno, NV, USA', 425),
	('Charles', 'Diaz', 'charles.diaz@example.com', '+15557890123', 'M', '159 Bacuri Ln, Boise, ID, USA', 100),
	('Violet', 'Richardson', 'violet.richardson@example.com', '+15558901234', 'F', '753 Uvalha Dr, Spokane, WA, USA', 325),
	('Christopher', 'Wood', 'christopher.wood@example.com', '+15559012345', 'M', '852 Ximenia Ave, Fremont, CA, USA', 225),
	('Hazel', 'Watson', 'hazel.watson@example.com', '+15550123456', 'F', '369 Zapota St, Santa Clarita, CA, USA', 275),
	('Andrew', 'Brooks', 'andrew.brooks@example.com', '+15551234567', 'M', '147 Quince Rd, San Bernardino, CA, USA', 150),
	('Addison', 'Bennett', 'addison.bennett@example.com', '+15552345678', 'F', '258 Nance Ln, Modesto, CA, USA', 400),
	('Joshua', 'Gray', 'joshua.gray@example.com', '+15553456789', 'M', '369 Coco Plum Dr, Fontana, CA, USA', 125),
	('Lillian', 'James', 'lillian.james@example.com', '+15554567890', 'F', '741 Eggfruit Way, Oxnard, CA, USA', 350),
	('John', 'Watson', 'john.watson@example.com', '+15555678901', 'M', '852 Mamoncillo Blvd, Fayetteville, NC, USA', 200),
	('Lucy', 'Price', 'lucy.price@example.com', '+15556789012', 'F', '963 Genip Rd, Moreno Valley, CA, USA', 300),
	('Ryan', 'Sanders', 'ryan.sanders@example.com', '+15557890123', 'M', '159 Jaboticaba Ln, Glendale, CA, USA', 175),
	('Audrey', 'Barnes', 'audrey.barnes@example.com', '+15558901234', 'F', '753 Pitomba Dr, Huntington Beach, CA, USA', 250),
	('Nathan', 'Ross', 'nathan.ross@example.com', '+15559012345', 'M', '852 Tamarind Ave, Yonkers, NY, USA', 375),
	('Claire', 'Henderson', 'claire.henderson@example.com', '+15550123456', 'F', '369 Carissa St, Aurora, IL, USA', 150),
	('Aaron', 'Coleman', 'aaron.coleman@example.com', '+15551234567', 'M', '147 Ketembilla Rd, Columbus, GA, USA', 425),
	('Skylar', 'Jenkins', 'skylar.jenkins@example.com', '+15552345678', 'F', '258 Sageretia Ln, Amarillo, TX, USA', 100),
	('Hunter', 'Perry', 'hunter.perry@example.com', '+15553456789', 'M', '369 Atemoya Dr, Akron, OH, USA', 325),
	('Brianna', 'Powell', 'brianna.powell@example.com', '+15554567890', 'F', '741 Bignay Way, Little Rock, AR, USA', 225),
	('Christian', 'Long', 'christian.long@example.com', '+15555678901', 'M', '852 Calamansi Blvd, Shreveport, LA, USA', 275),
	('Aaliyah', 'Hughes', 'aaliyah.hughes@example.com', '+15556789012', 'F', '963 Capulin Rd, Newport News, VA, USA', 175),
	('Cameron', 'Foster', 'cameron.foster@example.com', '+15557890123', 'M', '159 Cupuassu Ln, Grand Rapids, MI, USA', 400),
	('Nevaeh', 'Butler', 'nevaeh.butler@example.com', '+15558901234', 'F', '753 Duku Dr, Huntsville, AL, USA', 125),
	('Evan', 'Simmons', 'evan.simmons@example.com', '+15559012345', 'M', '852 Emu Apple Ave, Salt Lake City, UT, USA', 350),
	('Anna', 'Bryant', 'anna.bryant@example.com', '+15550123456', 'F', '369 Farkleberry St, Tallahassee, FL, USA', 200),
	('Robert', 'Russell', 'robert.russell@example.com', '+15551234567', 'M', '147 Governor''s Plum Rd, Worcester, MA, USA', 300),
	('Caroline', 'Griffin', 'caroline.griffin@example.com', '+15552345678', 'F', '258 Hog Plum Ln, Knoxville, TN, USA', 150),
	('Dominic', 'Duncan', 'dominic.duncan@example.com', '+15553456789', 'M', '369 Imbe Dr, Grand Prairie, TX, USA', 250),
	('Genesis', 'Armstrong', 'genesis.armstrong@example.com', '+15554567890', 'F', '741 Jabuticaba Way, Brownsville, TX, USA', 375),
	('Jaxon', 'Harrison', 'jaxon.harrison@example.com', '+15555678901', 'M', '852 Kei Apple Blvd, Providence, RI, USA', 175),
	('Kennedy', 'Gibson', 'kennedy.gibson@example.com', '+15556789012', 'F', '963 Kwai Muk Rd, Santa Rosa, CA, USA', 425),
	('Ian', 'Mcdonald', 'ian.mcdonald@example.com', '+15557890123', 'M', '159 Lucuma Ln, Overland Park, KS, USA', 100),
	('Sarah', 'Cruz', 'sarah.cruz@example.com', '+15558901234', 'F', '753 Mabolo Dr, Jackson, MS, USA', 325),
	('Jordan', 'Marshall', 'jordan.marshall@example.com', '+15559012345', 'M', '852 Mammee Apple Ave, Garden Grove, CA, USA', 225),
	('Cora', 'Ortiz', 'cora.ortiz@example.com', '+15550123456', 'F', '369 Mangosteen St, Chattanooga, TN, USA', 275),
	('Adrian', 'Gomez', 'adrian.gomez@example.com', '+15551234567', 'M', '147 Manilkara Rd, Oceanside, CA, USA', 150),
	('Autumn', 'Murray', 'autumn.murray@example.com', '+15552345678', 'F', '258 Melinjo Ln, Fort Lauderdale, FL, USA', 400),
	('Colton', 'Freeman', 'colton.freeman@example.com', '+15553456789', 'M', '369 Mombin Dr, Rancho Cucamonga, CA, USA', 125),
	('Nova', 'Wells', 'nova.wells@example.com', '+15554567890', 'F', '741 Naranjilla Way, Ontario, CA, USA', 350),
	('Elias', 'Webb', 'elias.webb@example.com', '+15555678901', 'M', '852 Nungu Blvd, Vancouver, WA, USA', 200),
	('Serenity', 'Simpson', 'serenity.simpson@example.com', '+15556789012', 'F', '963 Otaheite Apple Rd, Tempe, AZ, USA', 300),
	('Tristan', 'Stevens', 'tristan.stevens@example.com', '+15557890123', 'M', '159 Pequi Ln, Springfield, MA, USA', 175),
	('Maria', 'Tucker', 'maria.tucker@example.com', '+15558901234', 'F', '753 Phalsa Dr, Lancaster, CA, USA', 250),
	('Zachary', 'Porter', 'zachary.porter@example.com', '+15559012345', 'M', '852 Pitanga Ave, Pembroke Pines, FL, USA', 375),
	('Willow', 'Hunter', 'willow.hunter@example.com', '+15550123456', 'F', '369 Pulasan St, Eugene, OR, USA', 150),
	('Josiah', 'Hicks', 'josiah.hicks@example.com', '+15551234567', 'M', '147 Rambai Rd, Salem, OR, USA', 425),
	('Piper', 'Crawford', 'piper.crawford@example.com', '+15552345678', 'F', '258 Riberry Ln, Elk Grove, CA, USA', 100),
	('Bryson', 'Henry', 'bryson.henry@example.com', '+15553456789', 'M', '369 Rollinia Dr, Palmdale, CA, USA', 325),
	('Eva', 'Boyd', 'eva.boyd@example.com', '+15554567890', 'F', '741 Salal Berry Way, Corona, CA, USA', 225),
	('Axel', 'Mason', 'axel.mason@example.com', '+15555678901', 'M', '852 Santol Blvd, Springfield, MO, USA', 275),
	('Naomi', 'Morales', 'naomi.morales@example.com', '+15556789012', 'F', '963 Sapodilla Rd, Peoria, AZ, USA', 175),
	('Bryce', 'Kennedy', 'bryce.kennedy@example.com', '+15557890123', 'M', '159 Soursop Ln, Rockford, IL, USA', 400),
	('Peyton', 'Warren', 'peyton.warren@example.com', '+15558901234', 'F', '753 Sugar Apple Dr, Joliet, IL, USA', 125),
	('Kaiden', 'Dixon', 'kaiden.dixon@example.com', '+15559012345', 'M', '852 Tamarind Plum Ave, Escondido, CA, USA', 350),
	('Ruby', 'Ramos', 'ruby.ramos@example.com', '+15550123456', 'F', '369 Uvalha St, Kansas City, KS, USA', 200),
	('Calvin', 'Reyes', 'calvin.reyes@example.com', '+15551234567', 'M', '147 Velvet Apple Rd, McAllen, TX, USA', 300),
	('Hadley', 'Burns', 'hadley.burns@example.com', '+15552345678', 'F', '258 Wampee Ln, Syracuse, NY, USA', 150),
	('Justin', 'Gordon', 'justin.gordon@example.com', '+15553456789', 'M', '369 White Sapote Dr, Mesquite, TX, USA', 250),
	('Harmony', 'Shaw', 'harmony.shaw@example.com', '+15554567890', 'F', '741 Yangmei Way, Dayton, OH, USA', 375),
	('Brady', 'Holmes', 'brady.holmes@example.com', '+15555678901', 'M', '852 Yellow Mombin Blvd, Savannah, GA, USA', 175),
	('Kinsley', 'Rice', 'kinsley.rice@example.com', '+15556789012', 'F', '963 Zapote Rd, Clarksville, TN, USA', 425),
	('Jace', 'Robertson', 'jace.robertson@example.com', '+15557890123', 'M', '159 Ziziphus Ln, Orange, CA, USA', 100),
	('Norah', 'Hunt', 'norah.hunt@example.com', '+15558901234', 'F', '753 Ackee Dr, Fullerton, CA, USA', 325),
	('Ivan', 'Black', 'ivan.black@example.com', '+15559012345', 'M', '852 Bilimbi Ave, Warren, MI, USA', 225),
	('Lydia', 'Daniels', 'lydia.daniels@example.com', '+15550123456', 'F', '369 Caimito St, McKinney, TX, USA', 275),
	('Maxwell', 'Palmer', 'maxwell.palmer@example.com', '+15551234567', 'M', '147 Canistel Rd, West Valley City, UT, USA', 150),
	('Melody', 'Mills', 'melody.mills@example.com', '+15552345678', 'F', '258 Cupuacu Ln, Columbia, SC, USA', 400),
	('Kingston', 'Nichols', 'kingston.nichols@example.com', '+15553456789', 'M', '369 Durian Dr, New Haven, CT, USA', 125),
	('Valentina', 'Grant', 'valentina.grant@example.com', '+15554567890', 'F', '741 Eggfruit Way, Sterling Heights, MI, USA', 350),
	('Theodore', 'Knight', 'theodore.knight@example.com', '+15555678901', 'M', '852 Feijoa Blvd, Sioux Falls, SD, USA', 200),
	('Baylor', 'Ferguson', 'baylor.ferguson@example.com', '+15556789012', 'F', '963 Genip Rd, Pasadena, TX, USA', 300),
	('Asher', 'Rose', 'asher.rose@example.com', '+15557890123', 'M', '159 Guava Ln, Norman, OK, USA', 175),
	('Reagan', 'Stone', 'reagan.stone@example.com', '+15558901234', 'F', '753 Jackfruit Dr, Cedar Rapids, IA, USA', 250),
	('Silas', 'Hawkins', 'silas.hawkins@example.com', '+15559012345', 'M', '852 Kiwano Ave, Waco, TX, USA', 375),
	('Margot', 'Dunn', 'margot.dunn@example.com', '+15550123456', 'F', '369 Langsat St, Visalia, CA, USA', 150),
	('Atlas', 'Perkins', 'atlas.perkins@example.com', '+15551234567', 'M', '147 Mamey Sapote Rd, Topeka, KS, USA', 425),
	('Emersyn', 'Hudson', 'emersyn.hudson@example.com', '+15552345678', 'F', '258 Mangosteen Ln, Elizabeth, NJ, USA', 100),
	('Walker', 'Spencer', 'walker.spencer@example.com', '+15553456789', 'M', '369 Nance Dr, Hartford, CT, USA', 325),
	('Remi', 'Gardner', 'remi.gardner@example.com', '+15554567890', 'F', '741 Otaheite Apple Way, Gainesville, FL, USA', 225),
	('Kai', 'Stephens', 'kai.stephens@example.com', '+15555678901', 'M', '852 Pequi Blvd, Billings, MT, USA', 275),
	('Sawyer', 'Payne', 'sawyer.payne@example.com', '+15556789012', 'F', '963 Rambutan Rd, Miramar, FL, USA', 175),
	('Sage', 'Pierce', 'sage.pierce@example.com', '+15557890123', 'M', '159 Santol Ln, Macon, GA, USA', 400),
	('Jude', 'Berry', 'jude.berry@example.com', '+15558901234', 'F', '753 Tamarind Dr, Thousand Oaks, CA, USA', 125),
	('Camila', 'Matthews', 'camila.matthews@example.com', '+15559012345', 'F', '852 Uvalha Ave, Olathe, KS, USA', 350),
	('Rowan', 'Arnold', 'rowan.arnold@example.com', '+15550123456', 'M', '369 Velvet Apple St, Wichita Falls, TX, USA', 200),
	('Amora', 'Wagner', 'amora.wagner@example.com', '+15551234567', 'F', '147 Wampee Rd, Erie, PA, USA', 300),
	('Zane', 'Willis', 'zane.willis@example.com', '+15552345678', 'M', '258 Ximenia Ln, Frisco, TX, USA', 150),
	('Laila', 'Harper', 'laila.harper@example.com', '+15553456789', 'F', '369 Yangmei Dr, South Bend, IN, USA', 250),
	('Griffin', 'Fox', 'griffin.fox@example.com', '+15554567890', 'M', '741 Zapote Way, Evansville, IN, USA', 375),
	('Ayla', 'Riley', 'ayla.riley@example.com', '+15555678901', 'F', '852 Ackee Blvd, Abilene, TX, USA', 175),
	('Bennett', 'Carpenter', 'bennett.carpenter@example.com', '+15556789012', 'M', '963 Bilimbi Rd, Athens, GA, USA', 425),
	('Journee', 'Weaver', 'journee.weaver@example.com', '+15557890123', 'F', '159 Caimito Ln, Berkeley, CA, USA', 100),
	('Rhett', 'Greene', 'rhett.greene@example.com', '+15558901234', 'M', '753 Canistel Dr, Provo, UT, USA', 325),
	('Rosalie', 'Lawrence', 'rosalie.lawrence@example.com', '+15559012345', 'F', '852 Cupuacu Ave, Columbia, MO, USA', 225),
	('Zander', 'Elliott', 'zander.elliott@example.com', '+15550123456', 'M', '369 Durian St, Allentown, PA, USA', 275),
	('Collins', 'Chavez', 'collins.chavez@example.com', '+15551234567', 'F', '147 Eggfruit Rd, Peoria, IL, USA', 150),
	('Kylo', 'Sims', 'kylo.sims@example.com', '+15552345678', 'M', '258 Feijoa Ln, El Monte, CA, USA', 400),
	('Royal', 'Austin', 'royal.austin@example.com', '+15553456789', 'F', '369 Genip Dr, Independence, MO, USA', 125),
	('Callum', 'Peters', 'callum.peters@example.com', '+15554567890', 'M', '741 Guava Way, Springfield, IL, USA', 350),
	('Ophelia', 'Kelley', 'ophelia.kelley@example.com', '+15555678901', 'F', '852 Jackfruit Blvd, Lansing, MI, USA', 200),
	('Kellan', 'Franklin', 'kellan.franklin@example.com', '+15556789012', 'M', '963 Kiwano Rd, Downey, CA, USA', 300),
	('Nola', 'Lawson', 'nola.lawson@example.com', '+15557890123', 'F', '159 Langsat Ln, Carlsbad, CA, USA', 175),
	('Ledger', 'Fields', 'ledger.fields@example.com', '+15558901234', 'M', '753 Mamey Sapote Dr, Clearwater, FL, USA', 250),
	('Novah', 'Gutierrez', 'novah.gutierrez@example.com', '+15559012345', 'F', '852 Mangosteen Ave, West Jordan, UT, USA', 375),
	('Sonny', 'Ryan', 'sonny.ryan@example.com', '+15550123456', 'M', '369 Nance St, Lowell, MA, USA', 150),
	('Oaklynn', 'Schmidt', 'oaklynn.schmidt@example.com', '+15551234567', 'F', '147 Otaheite Apple Rd, Murfreesboro, TN, USA', 425),
	('Crew', 'Carr', 'crew.carr@example.com', '+15552345678', 'M', '258 Pequi Ln, Gresham, OR, USA', 100),
	('Marley', 'Vasquez', 'marley.vasquez@example.com', '+15553456789', 'F', '369 Rambutan Dr, Fairfield, CA, USA', 325),
	('Kairo', 'Castillo', 'kairo.castillo@example.com', '+15554567890', 'M', '741 Santol Way, Waterbury, CT, USA', 225),
	('Elodie', 'Wheeler', 'elodie.wheeler@example.com', '+15555678901', 'F', '852 Tamarind Blvd, Santa Clara, CA, USA', 275),
	('Bo', 'Chapman', 'bo.chapman@example.com', '+15556789012', 'M', '963 Uvalha Rd, Pueblo, CO, USA', 175),
	('Maren', 'Oliver', 'maren.oliver@example.com', '+15557890123', 'F', '159 Velvet Apple Ln, High Point, NC, USA', 400),
	('Dallas', 'Larson', 'dallas.larson@example.com', '+15558901234', 'M', '753 Wampee Dr, West Palm Beach, FL, USA', 125),
	('Wren', 'Walton', 'wren.walton@example.com', '+15559012345', 'F', '852 Ximenia Ave, Everett, WA, USA', 350),
	('Kayson', 'George', 'kayson.george@example.com', '+15550123456', 'M', '369 Yangmei St, Daly City, CA, USA', 200)
;

----------------------------------------------------------------------------------------
insert into RESTAURANT(RESTAURANT_name, location, contact_number)
values
	('The Food Factory', 'Downtown', '111-222-3333'),
	('Spice Garden', 'Uptown', '222-333-4444'),
	('Ocean Bites', 'Seaside Blvd', '333-444-5555'),
	('Green Leaf Diner', 'City Center', '444-555-6666'),
	('Tandoori Treats', 'West Market', '555-666-7777'),
	('Burger Bay', 'South Street', '666-777-8888'),
	('Pasta Palace', 'East End', '777-888-9999'),
	('Curry House', 'Maple Avenue', '888-999-0000'),
	('Bamboo Kitchen', 'Hilltop Road', '999-000-1111'),
	('Sunset Grill', 'Riverbank Drive', '000-111-2222'),
	('The Hungry Hippo', 'Parkside', '111-333-5555'),
	('Grill & Chill', 'Lakeside', '222-444-6666'),
	('Urban Tandoor', 'Old Town', '333-555-7777'),
	('Sushi Spot', 'Cherry Lane', '444-666-8888'),
	('The Pizza Post', 'Baker Street', '555-777-9999'),
	('Noodle Nest', 'Central Plaza', '666-888-0000'),
	('The Breakfast Club', 'Sunrise Blvd', '777-999-1111'),
	('Street Bites', 'Market Street', '888-000-2222'),
	('Golden Wok', 'East Park', '999-111-3333'),
	('The Veggie Vault', 'Greenway Drive', '000-222-4444')
;

-- select * from RESTAURANT;
-------------------------------------------------------------------------------------

insert into MENU_ITEM(item_name, item_category, price, restaurant_id)
values
	('Chocolate Cake', 'Desserts', 5.99, 1),
	('Tomato Soup', 'Soup', 3.50, 2),
	('Lemonade', 'Drinks', 2.75, 3),
	('Grilled Chicken', 'Main Course', 12.99, 4),
	('Caesar Salad', 'Starter', 6.49, 1),
	('Apple Pie', 'Desserts', 4.50, 2),
	('Minestrone Soup', 'Soup', 4.00, 3),
	('Iced Tea', 'Drinks', 2.25, 4),
	('Spaghetti Bolognese', 'Main Course', 11.00, 1),
	('Bruschetta', 'Starter', 5.00, 2),
	('Tiramisu', 'Desserts', 6.20, 3),
	('Beef Stew', 'Soup', 8.50, 4),
	('Coca Cola', 'Drinks', 1.80, 1),
	('Steak', 'Main Course', 15.75, 2),
	('Fried Calamari', 'Starter', 7.30, 3),
	('Cheesecake', 'Desserts', 5.00, 4),
	('French Onion Soup', 'Soup', 4.25, 1),
	('Fruit Smoothie', 'Drinks', 3.50, 2),
	('Chicken Alfredo', 'Main Course', 13.50, 3)
;

-- select * from MENU_ITEM;

-------------------------------------------------------------------------------------

insert into coupon(coupon_code, coupon_name, discount_percentage, start_date, end_date, active_flag)
values
	('SUMMER10', 'Summer Sale', 10, '2025-06-01', '2025-06-30', 'Y'),
	('WINTER15', 'Winter Discount', 15, '2025-12-01', '2025-12-31', 'Y'),
	('SPRING20', 'Spring Savings', 20, '2025-03-01', '2025-03-31', 'N'),
	('FALL5', 'Fall Special', 5, '2025-09-01', '2025-09-30', 'Y'),
	('HOLIDAY25', 'Holiday Extravaganza', 25, '2025-11-01', '2025-12-31', 'N'),
	('NEWYEAR30', 'New Year Bash', 30, '2025-01-01', '2025-01-15', 'Y'),
	('BLACKFRIDAY50', 'Black Friday Madness', 50, '2025-11-27', '2025-11-28', 'Y'),
	('CYBERMONDAY40', 'Cyber Monday Deal', 40, '2025-11-30', '2025-11-30', 'Y'),
	('SPRING10', 'Spring Bloom', 10, '2025-03-01', '2025-03-15', 'Y'),
	('SUMMER15', 'Summer Break', 15, '2025-06-15', '2025-07-15', 'Y'),
	('FALL10', 'Fall Fiesta', 10, '2025-09-01', '2025-09-15', 'Y'),
	('XMAS50', 'Christmas Special', 50, '2025-12-01', '2025-12-24', 'Y'),
	('BACKTOSCHOOL20', 'Back to School', 20, '2025-08-01', '2025-08-31', 'Y'),
	('VALENTINE10', 'Valentine’s Day Offer', 10, '2025-02-01', '2025-02-14', 'Y'),
	('EASTER15', 'Easter Deals', 15, '2025-04-01', '2025-04-15', 'N'),
	('MOTHERSDAY25', 'Mother’s Day', 25, '2025-05-01', '2025-05-10', 'Y'),
	('FATHERSDAY25', 'Father’s Day Special', 25, '2025-06-01', '2025-06-15', 'N'),
	('LABORDAY30', 'Labor Day Weekend', 30, '2025-09-01', '2025-09-07', 'Y'),
	('HALLOWEEN15', 'Halloween Sale', 15, '2025-10-01', '2025-10-31', 'Y'),
	('THANKSGIVING20', 'Thanksgiving Discount', 20, '2025-11-01', '2025-11-25', 'Y'),
	('BOXINGDAY50', 'Boxing Day Deals', 50, '2025-12-26', '2025-12-31', 'Y'),
	('NEWYEARS50', 'New Year’s Eve', 50, '2025-12-31', '2025-12-31', 'Y'),
	('FLASHSALE40', 'Flash Sale Event', 40, '2025-07-15', '2025-07-16', 'Y'),
	('WINTER20', 'Winter Clearance', 20, '2025-01-01', '2025-01-15', 'Y'),
	('SUMMERFLASH10', 'Summer Flash Sale', 10, '2025-07-01', '2025-07-05', 'N')
;

-- select * from COUPON;

-------------------------------------------------------------------------------------

insert into "ORDER"(order_date, total_price, status, customer_id, coupon_id)
values
	('2025-04-01', 45.99, 'Delivered', 1, 2),
	('2025-04-02', 35.50, 'Pending', 2, 3),
	('2025-04-03', 67.20, 'Delivered', 3, 1),
	('2025-04-04', 12.99, 'Cancelled', 4, 5),
	('2025-04-05', 23.75, 'Delivered', 5, 4),
	('2025-04-06', 89.99, 'Pending', 6, 7),
	('2025-04-07', 120.50, 'Delivered', 7, 6),
	('2025-04-08', 55.60, 'Cancelled', 8, 8),
	('2025-04-09', 44.90, 'Delivered', 9, 10),
	('2025-04-10', 29.99, 'Pending', 10, 9),
	('2025-04-11', 19.99, 'Delivered', 1, 4),
	('2025-04-12', 39.99, 'Delivered', 2, 3),
	('2025-04-13', 76.25, 'Cancelled', 3, 2),
	('2025-04-14', 102.40, 'Pending', 4, 1),
	('2025-04-15', 88.30, 'Delivered', 5, 7),
	('2025-04-16', 51.75, 'Delivered', 6, 5),
	('2025-04-17', 32.99, 'Pending', 7, 8),
	('2025-04-18', 29.95, 'Cancelled', 8, 6),
	('2025-04-19', 64.50, 'Delivered', 9, 10),
	('2025-04-20', 84.25, 'Delivered', 10, 9),
	('2025-04-21', 45.00, 'Pending', 1, 1),
	('2025-04-22', 60.50, 'Delivered', 2, 2),
	('2025-04-23', 50.99, 'Cancelled', 3, 3),
	('2025-04-24', 39.75, 'Pending', 4, 4),
	('2025-04-25', 30.25, 'Delivered', 5, 5)
;

-- select * from  "ORDER" ;

-------------------------------------------------------------------------------------

insert into ORDER_ITEM(order_id, menu_item_id, quantity)
values
(1, 3, 2),
(2, 5, 1),
(3, 8, 3),
(4, 2, 2),
(5, 6, 1),
(6, 9, 4),
(7, 1, 2),
(8, 4, 1),
(9, 7, 3),
(10, 2, 1),
(11, 10, 2),
(12, 3, 3),
(13, 5, 1),
(14, 6, 2),
(15, 8, 2),
(16, 9, 1),
(17, 4, 3),
(18, 7, 2),
(19, 1, 1),
(20, 10, 4),
(21, 2, 2),
(22, 3, 1),
(23, 6, 2),
(24, 5, 3),
(25, 7, 1)
;

-- select * from ORDER_ITEM;

-------------------------------------------------------------------------------------

insert into ORDER_COUPON(order_id, coupon_id)
values
(1, 2),
(2, 3),
(3, 1),
(4, 5),
(5, 4),
(6, 7),
(7, 6),
(8, 8),
(9, 10),
(10, 9),
(11, 4),
(12, 3),
(13, 2),
(14, 1),
(15, 7),
(16, 5),
(17, 8),
(18, 6),
(19, 10),
(20, 9),
(21, 1),
(22, 2),
(23, 3),
(24, 4),
(25, 5)
;

-- select * from ORDER_COUPON;

-------------------------------------------------------------------------------------

insert into payment(payment_date, amount, discount_amount, payment_method, order_id)
values
('2025-04-01', 45.99, 4.60, 'Credit Card', 1),
('2025-04-02', 35.50, 3.55, 'Cash', 2),
('2025-04-03', 67.20, 6.70, 'Online', 3),
('2025-04-04', 12.99, 1.30, 'Credit Card', 4),
('2025-04-05', 23.75, 2.40, 'Online', 5),
('2025-04-06', 89.99, 9.00, 'Cash', 6),
('2025-04-07', 120.50, 12.05, 'Credit Card', 7),
('2025-04-08', 55.60, 5.55, 'Online', 8),
('2025-04-09', 44.90, 4.50, 'Credit Card', 9),
('2025-04-10', 29.99, 3.00, 'Cash', 10),
('2025-04-11', 19.99, 2.00, 'Online', 11),
('2025-04-12', 39.99, 4.00, 'Credit Card', 12),
('2025-04-13', 76.25, 7.60, 'Cash', 13),
('2025-04-14', 102.40, 10.20, 'Online', 14),
('2025-04-15', 88.30, 8.80, 'Credit Card', 15),
('2025-04-16', 51.75, 5.20, 'Online', 16),
('2025-04-17', 32.99, 3.30, 'Cash', 17),
('2025-04-18', 29.95, 3.00, 'Credit Card', 18),
('2025-04-19', 64.50, 6.40, 'Online', 19),
('2025-04-20', 84.25, 8.40, 'Cash', 20),
('2025-04-21', 45.00, 4.50, 'Credit Card', 21),
('2025-04-22', 60.50, 6.00, 'Online', 22),
('2025-04-23', 50.99, 5.10, 'Cash', 23),
('2025-04-24', 39.75, 4.00, 'Online', 24),
('2025-04-25', 30.25, 3.00, 'Credit Card', 25)
;

-- select * from PAYMENT;

------------------------------------------------------------------------------------------------------------------------------------------------

insert into refund(refund_amount, refund_date, order_id)
values
(12.99, '2025-04-05', 4),
(29.95, '2025-04-19', 18),
(76.25, '2025-04-14', 13),
(50.99, '2025-04-24', 23),
(39.75, '2025-04-25', 24),
(19.99, '2025-04-12', 11),
(32.99, '2025-04-18', 17),
(44.90, '2025-04-10', 9),
(29.99, '2025-04-11', 10),
(60.50, '2025-04-23', 22),
(25.00, '2025-04-01', 1),
(40.75, '2025-04-02', 2),
(33.20, '2025-04-03', 3),
(18.50, '2025-04-04', 5),
(55.60, '2025-04-06', 6),
(88.00, '2025-04-07', 7),
(35.45, '2025-04-08', 8),
(20.00, '2025-04-09', 14),
(61.75, '2025-04-13', 15),
(45.60, '2025-04-15', 16),
(28.30, '2025-04-16', 19),
(22.45, '2025-04-17', 20),
(41.90, '2025-04-20', 21),
(36.80, '2025-04-21', 25),
(47.30, '2025-04-22', 12)
;

-- select * from REFUND;

-------------------------------------------------------------------------------------

insert into DELIVERY_AGENT(first_name, last_name, phone_number, email, vehicle_number)
values
	('Aarav', 'Sharma', '9876543210', 'aarav.sharma@example.com', 'MH12AB1234'),
	('Priya', 'Verma', '9876543211', 'priya.verma@example.com', 'DL8CAF1234'),
	('Raj', 'Kapoor', '9876543212', 'raj.kapoor@example.com', 'KA03MC1234'),
	('Sneha', 'Patel', '9876543213', 'sneha.patel@example.com', 'GJ01RB1234'),
	('Vikram', 'Rao', '9876543214', 'vikram.rao@example.com', 'TN22XY1234'),
	('Anjali', 'Singh', '9876543215', 'anjali.singh@example.com', 'UP32ZZ1234'),
	('Rohan', 'Mehta', '9876543216', 'rohan.mehta@example.com', 'PB10RT1234'),
	('Kavya', 'Desai', '9876543217', 'kavya.desai@example.com', 'RJ14LK1234'),
	('Arjun', 'Nair', '9876543218', 'arjun.nair@example.com', 'KL07MN1234'),
	('Isha', 'Chatterjee', '9876543219', 'isha.chatterjee@example.com', 'WB24HG1234'),
	('Tushar', 'Jain', '9876543220', 'tushar.jain@example.com', 'HR26AX1234'),
	('Neha', 'Joshi', '9876543221', 'neha.joshi@example.com', 'MP09BC1234'),
	('Amit', 'Gupta', '9876543222', 'amit.gupta@example.com', 'CG04UV1234'),
	('Pooja', 'Yadav', '9876543223', 'pooja.yadav@example.com', 'OR02TR1234'),
	('Karan', 'Malhotra', '9876543224', 'karan.malhotra@example.com', 'BR01XY1234'),
	('Divya', 'Mishra', '9876543225', 'divya.mishra@example.com', 'JH05ZX1234'),
	('Siddharth', 'Bose', '9876543226', 'siddharth.bose@example.com', 'AS01QW1234'),
	('Meera', 'Pandey', '9876543227', 'meera.pandey@example.com', 'AP13LM1234'),
	('Yash', 'Bhatt', '9876543228', 'yash.bhatt@example.com', 'UK16AB1234'),
	('Nikita', 'Shukla', '9876543229', 'nikita.shukla@example.com', 'HP33GF1234'),
	('Harsh', 'Reddy', '9876543230', 'harsh.reddy@example.com', 'TS08JK1234'),
	('Swati', 'Saxena', '9876543231', 'swati.saxena@example.com', 'GA06NM1234'),
	('Manav', 'Chauhan', '9876543232', 'manav.chauhan@example.com', 'CH01AD1234'),
	('Ritika', 'Dubey', '9876543233', 'ritika.dubey@example.com', 'JK10PR1234'),
	('Aditya', 'Tripathi', '9876543234', 'aditya.tripathi@example.com', 'LD03ST1234')
;

-- select * from DELIVERY_AGENT;

-------------------------------------------------------------------------------------

insert into delivery(delivery_date, pickup_time, delivered_time, status, agent_id, order_id)
values
('2025-03-01', '09:00', '00:30', 'Delivered', 5, 3),
('2025-03-02', '10:15', '00:40', 'In Transit', 7, 8),
('2025-03-03', '11:00', '00:35', 'Delivered', 10, 11),
('2025-03-04', '12:30', '00:45', 'Delivered', 13, 6),
('2025-03-05', '14:00', '00:38', 'In Transit', 18, 19),
('2025-03-06', '15:15', '00:25', 'Delivered', 6, 4),
('2025-03-07', '16:00', '01:00', 'In Transit', 12, 12),
('2025-03-08', '17:30', '00:40', 'Delivered', 3, 21),
('2025-03-09', '09:30', '00:28', 'In Transit', 22, 5),
('2025-03-10', '10:45', '00:42', 'Delivered', 11, 10),
('2025-03-11', '11:15', '00:33', 'Delivered', 1, 14),
('2025-03-12', '12:00', '00:48', 'In Transit', 4, 2),
('2025-03-13', '13:30', '00:27', 'Delivered', 15, 1),
('2025-03-14', '14:15', '00:35', 'Delivered', 2, 23),
('2025-03-15', '15:00', '00:55', 'In Transit', 9, 7),
('2025-03-16', '16:30', '00:22', 'Delivered', 14, 25),
('2025-03-17', '17:45', '00:40', 'Delivered', 16, 13),
('2025-03-18', '09:15', '00:43', 'In Transit', 8, 9),
('2025-03-19', '10:00', '00:50', 'Delivered', 19, 16),
('2025-03-20', '11:30', '00:21', 'In Transit', 20, 15),
('2025-03-21', '12:45', '00:40', 'Delivered', 23, 20),
('2025-03-22', '14:00', '00:46', 'Delivered', 24, 18),
('2025-03-23', '15:30', '00:34', 'In Transit', 25, 22),
('2025-03-24', '16:00', '00:41', 'Delivered', 17, 17),
('2025-03-25', '17:15', '00:37', 'Delivered', 21, 24),
('2025-05-01', '08:30', '00:55', 'Delivered', 3, 5),
('2025-05-02', '09:00', '01:10', 'In Transit', 6, 10),
('2025-05-03', '10:15', '00:42', 'Delivered', 8, 12),
('2025-05-04', '11:45', '00:50', 'In Transit', 11, 7),
('2025-05-05', '12:30', '01:00', 'Delivered', 14, 9),
('2025-05-06', '13:00', '00:35', 'Delivered', 15, 3),
('2025-05-07', '14:30', '00:28', 'In Transit', 17, 8),
('2025-05-08', '15:15', '01:05', 'Delivered', 18, 11),
('2025-05-09', '16:00', '00:40', 'Delivered', 20, 13),
('2025-05-10', '17:30', '00:22', 'In Transit', 22, 16),
('2025-05-11', '18:00', '01:10', 'Delivered', 25, 17),
('2025-05-12', '09:30', '00:50', 'Delivered', 4, 19),
('2025-05-13', '10:00', '00:45', 'In Transit', 2, 4),
('2025-05-14', '11:15', '01:15', 'Delivered', 7, 14),
('2025-05-15', '12:30', '00:50', 'Delivered', 9, 20),
('2025-05-16', '13:45', '01:00', 'In Transit', 12, 2),
('2025-05-17', '14:00', '00:38', 'Delivered', 13, 22),
('2025-05-18', '15:30', '00:55', 'Delivered', 16, 23),
('2025-05-19', '16:45', '00:42', 'In Transit', 19, 25),
('2025-05-20', '17:00', '00:48', 'Delivered', 21, 18),
('2025-05-21', '18:30', '00:39', 'Delivered', 23, 24),
('2025-05-22', '09:45', '00:30', 'In Transit', 24, 6),
('2025-05-23', '10:15', '00:50', 'Delivered', 5, 21),
('2025-05-24', '11:30', '00:57', 'Delivered', 10, 1),
('2025-05-25', '12:00', '00:29', 'In Transit', 21, 15),
('2025-05-26', '13:00', '00:47', 'Delivered', 22, 4)
;

-- select * from DELIVERY;

-------------------------------------------------------------------------------------

insert into review(rating, review_text, customer_id, restaurant_id)
values
(5, 'Excellent food and quick delivery!', 1, 3),
(4, 'Great taste, but delivery was a bit late.', 2, 1),
(3, 'Average experience. Could be better.', 3, 2),
(5, 'Loved the spicy noodles!', 4, 5),
(2, 'The soup was cold and bland.', 5, 4),
(4, 'Good value for money. Will order again.', 6, 6),
(5, 'Best biryani I’ve ever had!', 7, 2),
(3, 'Decent food, nothing extraordinary.', 8, 1),
(1, 'Very bad experience. Not recommended.', 9, 3),
(5, 'Fantastic service and tasty meals.', 10, 4),
(4, 'Food was fresh and nicely packed.', 1, 5),
(2, 'Portions were too small for the price.', 2, 6),
(5, 'Perfect! Highly recommend this place.', 3, 2),
(4, 'Tasty and delivered hot!', 4, 1),
(3, 'It was okay. Average quality.', 5, 3),
(1, 'Extremely late delivery and cold food.', 6, 4),
(5, 'Delicious and fresh ingredients.', 7, 6),
(4, 'Nice flavors and good portions.', 8, 2),
(2, 'Not up to the mark this time.', 9, 5),
(3, 'Acceptable but needs improvement.', 10, 1),
(5, 'Loved the presentation and taste!', 1, 3),
(4, 'Came faster than expected. Tasty!', 2, 2),
(2, 'Food was undercooked and soggy.', 3, 4),
(5, 'Everything was just right. Great job!', 4, 6),
(3, 'Service was okay, food was fine.', 5, 5),
(4, 'Great experience, food arrived warm and fresh.', 6, 2),
(2, 'Didn’t meet expectations, flavors were off.', 8, 4),
(5, 'Absolutely amazing! Will definitely order again.', 10, 1),
(3, 'Average meal, packaging could improve.', 1, 3),
(1, 'Very poor service and cold food.', 3, 5),
(5, 'Fantastic! Everything was delicious.', 2, 6),
(4, 'Well-packed and flavorful dishes.', 7, 2),
(2, 'Did not enjoy the meal at all.', 4, 4),
(3, 'Okay food, but delivery was late.', 5, 1),
(5, 'Outstanding food and polite delivery staff.', 9, 3),
(4, 'Very good! Loved the dessert.', 10, 5),
(1, 'Terrible experience. Would not recommend.', 6, 6),
(5, 'Top-notch service and quality.', 8, 1),
(3, 'Meal was decent but too salty.', 7, 3),
(2, 'Rice was undercooked, not worth the price.', 1, 4),
(5, 'Fresh ingredients and great taste.', 2, 2),
(4, 'Enjoyed every bite, fast delivery too.', 4, 5),
(3, 'Just average. Nothing special.', 3, 6),
(1, 'Items were missing from the order.', 5, 2),
(5, 'Best dinner I’ve had from delivery!', 6, 3),
(4, 'Tasty food, but packaging leaked.', 9, 4),
(2, 'Delivery took too long and food was cold.', 10, 6),
(5, 'Perfect experience. Highly recommended!', 7, 1),
(3, 'Not bad, but I’ve had better.', 8, 5),
(4, 'Overall good food and quick service.', 1, 2)
;

-- select * from REVIEW;

---dummy data with created_at column
INSERT INTO review (rating, review_text, customer_id, restaurant_id, created_at)
VALUES
(5, 'Fantastic food and quick delivery!', 1, 2, '2025-05-03'),
(4, 'Great experience overall.', 2, 3, '2025-05-15'),
(3, 'Satisfactory meal.', 3, 4, '2025-06-01'),
(2, 'Could be better.', 4, 1, '2025-06-18'),
(1, 'Not happy with the order.', 5, 5, '2025-06-28'),
(5, 'Best meal I had in weeks!', 6, 2, '2025-07-05'),
(4, 'Fresh and tasty.', 7, 3, '2025-07-12'),
(3, 'Just okay.', 8, 1, '2025-07-25'),
(2, 'Packaging was messy.', 9, 4, '2025-08-04'),
(1, 'Food arrived cold.', 10, 5, '2025-08-20'),
(5, 'Loved everything!', 1, 1, '2025-08-30'),
(4, 'Consistently good service.', 2, 2, '2025-09-07'),
(3, 'A bit pricey.', 3, 3, '2025-09-17'),
(2, 'Late delivery.', 4, 4, '2025-09-29'),
(1, 'Very bad experience.', 5, 5, '2025-10-02'),
(5, 'Highly recommended!', 6, 2, '2025-10-14'),
(4, 'Enjoyed the flavors.', 7, 3, '2025-10-25'),
(3, 'Average quality.', 8, 4, '2025-11-01'),
(2, 'Didn’t match the description.', 9, 1, '2025-11-10'),
(1, 'Never ordering again.', 10, 5, '2025-11-23'),
(5, 'Exceptional taste!', 1, 2, '2025-12-05'),
(4, 'Nicely presented.', 2, 3, '2025-12-10'),
(3, 'Reasonable delivery time.', 3, 1, '2025-12-17'),
(2, 'Missing item in the order.', 4, 4, '2025-12-24'),
(1, 'Worst service I’ve had.', 5, 5, '2025-12-30'),
(5, 'Incredible food and friendly staff!', 3, 1, '2025-01-08'),
(4, 'Loved the presentation and taste.', 7, 2, '2025-02-14'),
(3, 'Average meal, but decent value.', 5, 3, '2025-03-03'),
(2, 'The dessert was too sweet.', 8, 4, '2025-03-21'),
(1, 'Very poor service and cold food.', 6, 5, '2025-04-09'),
(5, 'Fast delivery and fresh food!', 2, 3, '2025-05-11'),
(4, 'Meals were nicely packed.', 9, 1, '2025-05-27'),
(3, 'Okay experience, nothing special.', 4, 2, '2025-06-06'),
(2, 'Food lacked seasoning.', 10, 4, '2025-06-18'),
(1, 'Waited too long for the order.', 1, 5, '2025-07-02'),
(5, 'Great variety on the menu!', 2, 1, '2025-07-20'),
(4, 'Will definitely order again.', 3, 2, '2025-08-04'),
(3, 'Slightly overcooked but edible.', 6, 3, '2025-08-29'),
(2, 'Delivery person was rude.', 7, 5, '2025-09-10'),
(1, 'Order was wrong and incomplete.', 5, 4, '2025-09-25'),
(5, 'Everything was perfect!', 9, 2, '2025-10-01'),
(4, 'Sauces were delicious.', 10, 3, '2025-10-18'),
(3, 'Mediocre service.', 1, 1, '2025-11-05'),
(2, 'Did not match what I ordered.', 4, 4, '2025-11-15'),
(1, 'Too expensive for the quality.', 8, 5, '2025-11-30'),
(5, 'Impressive packaging and portions.', 2, 1, '2025-12-02'),
(4, 'Good taste, fair price.', 7, 2, '2025-12-12'),
(3, 'Mildly spicy as requested.', 6, 3, '2025-12-19'),
(2, 'Rice was undercooked.', 3, 4, '2025-12-26'),
(1, 'Regret ordering from here.', 5, 5, '2025-12-31')
;
-------------------------------------------------------------------------------------

insert into audit_log(log_date, action, user_id)
values
('2025-04-01 09:15:23', 'User login', 1),
('2025-04-01 10:05:44', 'Updated menu item', 2),
('2025-04-01 10:45:31', 'Created new order', 3),
('2025-04-01 11:30:22', 'Deleted user account', 4),
('2025-04-01 12:20:50', 'Updated restaurant info', 1),
('2025-04-02 08:05:11', 'User logout', 2),
('2025-04-02 09:45:38', 'Added delivery agent', 5),
('2025-04-02 10:12:06', 'Applied coupon', 3),
('2025-04-02 11:23:17', 'Processed refund', 4),
('2025-04-02 13:10:39', 'Changed user password', 2),
('2025-04-03 08:55:25', 'Created new review', 1),
('2025-04-03 10:47:53', 'Edited delivery time', 5),
('2025-04-03 12:05:09', 'Viewed audit logs', 6),
('2025-04-03 14:30:45', 'Modified coupon details', 2),
('2025-04-03 15:25:17', 'Cancelled order', 4),
('2025-04-04 09:15:33', 'Issued refund', 3),
('2025-04-04 10:35:20', 'Updated payment method', 6),
('2025-04-04 12:10:50', 'User logout', 1),
('2025-04-04 13:40:18', 'Deleted delivery record', 5),
('2025-04-04 15:22:07', 'Updated restaurant hours', 2),
('2025-04-05 08:45:55', 'Added new menu category', 3),
('2025-04-05 09:30:12', 'Edited customer address', 4),
('2025-04-05 11:05:42', 'Reviewed payment logs', 1),
('2025-04-05 13:25:00', 'Updated delivery agent info', 6),
('2025-04-05 14:50:39', 'User login', 2)
;

-- select * from AUDIT_LOG;

-------------------------------------------------------------------------------------

insert into customer_login(customer_id, login_id, password, active_flag)
values
(1, 'login001', 'pass@001', 1),
(2, 'login002', 'qwerty#002', 0),
(3, 'login003', 'helloWorld3', 1),
(4, 'login004', 'secret!004', 1),
(5, 'login005', 'temp#005', 0),
(6, 'login006', 'admin@006', 1),
(7, 'login007', 'userPass7', 0),
(8, 'login008', 'mypwd$008', 1),
(9, 'login009', 'access*009', 1),
(10, 'login010', 'secure010', 0),
(11, 'login011', 'token!011', 1),
(12, 'login012', 'logIn#012', 0),
(13, 'login013', 'loginPass13', 1),
(14, 'login014', 'pass_014', 1),
(15, 'login015', 'simple015', 0),
(16, 'login016', 'testMe016', 1),
(17, 'login017', 'tryAgain17', 0),
(18, 'login018', 'openSesame', 1),
(19, 'login019', 'test!019', 0),
(20, 'login020', 'access020', 1),
(21, 'login021', 'entry021', 1),
(22, 'login022', 'dataLock22', 0),
(23, 'login023', 'goUser023', 1),
(24, 'login024', 'startNow24', 0),
(25, 'login025', 'key@025', 1)
;

-- select * from CUSTOMER_LOGIN;


